dataset_version,version_description,accuracy_mean,balanced_accuracy_mean,precision_mean,recall_mean,f1_weighted_mean
V4,V3 plus PCA retaining 95% explained variance.,0.7829737276038221,0.6741984712755921,0.1200947620092239,0.5536923076923077,0.8386465039665815
V3,V2 plus SMOTE applied inside each training fold.,0.8018088719837918,0.6506927141271615,0.1130504828836599,0.4832820512820513,0.8500883676350147
V1,Median numeric imputation + most-frequent categorical imputation + one-hot encoding.,0.9502447082623828,0.5027927948287846,0.07904761904761905,0.007076923076923076,0.9276341592412767
V2,V1 plus standard scaling for numerical features.,0.9503915870873522,0.5023700477363716,0.08266666666666667,0.006025641025641027,0.9276459924101019
