model,accuracy_mean,balanced_accuracy_mean,precision_mean,recall_mean,f1_weighted_mean
LogisticRegression,0.8465628768857381,0.6291117699665257,0.06648688095238123,0.3882051282051282,0.8712601960462837
AdaBoost,0.8321283214575359,0.6197469352916011,0.05994254462781802,0.3844551282051283,0.8608991717148531
SVM,0.8680885702058638,0.5867800739523105,0.06068784177734165,0.2751282051282051,0.8851372270600479
KNN,0.8794647960664725,0.5575085317598172,0.12138331890829555,0.20083333333333334,0.8928836096227339
RandomForest,0.9305290540560761,0.5194202239896327,0.18507382699312547,0.06397435897435898,0.9198385746222996
